frame,band,survey_count,cached,detected,ratio,accepted,dialog_found,legend_rows,dots_assigned,dots_exported,dropped_out_of_bounds,bird_px,box_px,box_measured,excluded_reason,path
07May10Camera1-Card1-0306,dense,342.0,True,217,0.6345029239766082,True,True,5,184,184,0,28.29,37.0,True,,subtract
07May10Camera1-Card1-0334,dense,807.0,True,1039,1.2874845105328376,True,True,8,334,334,0,14.07,18.0,True,,subtract
07May10Camera1-Card1-0483,medium,209.0,True,256,1.2248803827751196,True,True,3,209,209,0,12.0,16.0,True,,subtract
07May10Camera1-Card1-0486,dense,678.0,True,506,0.7463126843657817,True,True,3,506,506,0,14.07,18.0,True,,subtract
08June10Camera1-Card1-0289,medium,181.0,True,228,1.2596685082872927,True,True,9,223,223,0,45.1,59.0,True,,subtract
08May10Camera1-Card1-0127,medium,96.0,True,98,1.0208333333333333,True,True,15,62,62,0,18.48,24.0,True,,subtract
08May10Camera1-Card1-0178,medium,97.0,True,96,0.9896907216494846,True,True,8,90,90,0,34.43,45.0,True,,subtract
08May10Camera1-Card1-0519,sparse,45.0,True,58,1.288888888888889,True,True,9,37,37,0,23.71,31.0,True,,subtract
08May10Camera1-Card1-0532,dense,302.0,True,228,0.7549668874172185,True,True,14,203,203,0,20.47,27.0,True,,subtract
08May10Camera1-Card1-0559,medium,241.0,True,242,1.004149377593361,True,True,8,241,241,0,33.71,44.0,True,,subtract
08May10Camera1-Card1-0569,dense,572.0,True,476,0.8321678321678322,True,True,8,476,476,0,13.0,17.0,True,,subtract
08May10Camera1-Card1-0775,dense,357.0,True,401,1.123249299719888,True,True,20,371,371,0,13.03,17.0,True,,subtract
08May10Camera1-Card2-0075,medium,170.0,True,250,1.4705882352941178,True,True,12,112,111,1,16.75,22.0,True,,subtract
08May10Camera1-Card2-0081,dense,322.0,True,354,1.0993788819875776,True,True,5,260,257,3,18.0,23.0,True,,subtract
09June10Camera1-Card1-0422,sparse,14.0,True,23,1.6428571428571428,True,True,14,19,19,0,43.0,56.0,True,,subtract
09June10Camera1-Card2-0552,sparse,14.0,True,16,1.1428571428571428,True,True,14,14,14,0,42.49,55.0,True,,subtract
10June10Camera1-Card2-0352,medium,208.0,True,276,1.3269230769230769,True,True,26,68,68,0,41.64,54.0,True,,subtract
10June10Camera2-Card1-0261,medium,136.0,True,131,0.9632352941176472,True,True,15,1,1,0,25.49,33.0,True,,subtract
10June10Camera2-Card1-0268,dense,513.0,True,363,0.7076023391812866,True,True,16,362,362,0,16.68,22.0,True,,subtract
11June10Camera1-Card3-0087,sparse,48.0,True,49,1.0208333333333333,True,True,17,43,43,0,49.63,65.0,True,,subtract
12June10Camera1-Card1-0471,sparse,33.0,True,23,0.696969696969697,True,True,6,21,21,0,59.0,77.0,True,,subtract
13June10Camera1-Card1-0308,medium,99.0,True,142,1.4343434343434345,True,True,9,121,121,0,41.62,54.0,True,,subtract
14June10Camera1-Card1-0309,dense,379.0,True,484,1.2770448548812663,True,True,17,441,441,0,44.21,57.0,True,,subtract
14June10Camera1-Card1-0538,dense,501.0,True,404,0.8063872255489022,True,True,13,67,67,0,35.18,46.0,True,,subtract
14June11Camera1-Card2-0002,dense,386.0,True,307,0.7953367875647669,True,True,6,137,137,0,27.71,36.0,True,,subtract
14June11Camera1-Card3-0388,sparse,26.0,True,37,1.4230769230769231,True,True,3,27,27,0,20.0,26.0,True,,subtract
14June11Camera1-Card3-0587,medium,105.0,True,150,1.4285714285714286,True,True,21,106,106,0,22.04,29.0,True,,subtract
14June11Camera2-Card3-0379,medium,230.0,True,159,0.691304347826087,True,True,5,103,103,0,18.0,23.0,True,,subtract
14June11Camera2-Card3-0487,dense,310.0,True,212,0.6838709677419355,True,True,7,197,196,1,30.17,39.0,True,,subtract
14June21Camera1-Card1-220,sparse,9.0,True,12,1.3333333333333333,True,True,5,8,8,0,36.0,47.0,True,,subtract
14June21Camera1-Card1-975,dense,959.0,True,1464,1.5265901981230448,True,True,10,1130,1130,0,35.76,46.0,True,,subtract
14June21Camera2-Card1-858,sparse,39.0,True,56,1.435897435897436,True,True,12,35,35,0,18.0,23.0,True,,subtract
15June11Camera1-Card3-0807,dense,1530.0,True,1088,0.7111111111111111,True,True,8,1021,1021,0,31.26,41.0,True,,subtract
15June11Camera1-Card4-0031,medium,153.0,True,224,1.4640522875816993,True,True,5,97,97,0,34.63,45.0,True,,subtract
15June11Camera1-Card4-0033,sparse,32.0,True,38,1.1875,True,True,4,25,25,0,42.0,55.0,True,,subtract
15June11Camera1-Card4-0255,dense,377.0,True,258,0.6843501326259946,True,True,9,150,150,0,40.96,53.0,True,,subtract
15June11Camera2-Card3-0818,medium,65.0,True,62,0.953846153846154,True,True,4,58,58,0,33.07,43.0,True,,subtract
15June21Camera1-Card1-03480,dense,470.0,True,512,1.0893617021276596,True,True,9,247,245,69,9.5,16.0,True,,subtract
15June21Camera2-Card1-1905,medium,121.0,True,192,1.5867768595041325,True,True,10,43,43,0,8.31,16.0,True,,subtract
16June21Camera1-Card1-07269,medium,130.0,True,167,1.2846153846153847,True,True,7,155,155,0,22.17,29.0,True,,subtract
16June21Camera1-Card1-5994,medium,102.0,True,104,1.0196078431372548,True,True,12,101,101,0,57.13,74.0,True,,subtract
16June21Camera1-Card1-7877,dense,442.0,True,653,1.4773755656108598,True,True,10,635,635,0,44.09,57.0,True,,subtract
16June21Camera1-Card1-9217,dense,1729.0,True,2113,1.2220936957779065,True,True,6,1734,1734,0,37.33,49.0,True,,subtract
16June21Camera2-Card1-07390,dense,903.0,True,1038,1.149501661129568,True,True,15,930,930,0,12.19,16.0,True,,subtract
16June21Camera2-Card1-6567,dense,626.0,True,571,0.9121405750798722,True,True,11,453,453,0,12.19,16.0,True,,subtract
16June21Camera2-Card1-6722,dense,406.0,True,520,1.2807881773399017,True,True,6,425,425,4,18.0,23.0,True,,subtract
16June21Camera2-Card1-8739,dense,329.0,True,412,1.2522796352583587,True,True,4,222,221,1,10.12,16.0,True,,subtract
16May15Camera1-Card1-808,dense,782.0,True,981,1.2544757033248082,True,True,23,1,1,0,38.0,49.0,True,,subtract
16May15Camera1-Card1-873,dense,563.0,True,428,0.7602131438721137,True,True,6,418,418,0,31.32,41.0,True,,subtract
16May15Camera1-Card1-887,dense,1155.0,True,1812,1.568831168831169,True,True,5,1020,1020,0,34.36,45.0,True,,subtract
16May15Camera1-Card2-00138,dense,486.0,True,516,1.0617283950617284,True,True,52,514,514,0,36.51,47.0,True,,subtract
16May15Camera1-Card2-00246,medium,77.0,True,123,1.5974025974025974,True,True,6,83,83,0,20.99,27.0,True,,subtract
16May15Camera2-Card1-01593,dense,479.0,True,466,0.9728601252609604,True,True,13,290,290,0,23.18,30.0,True,,subtract
16May15Camera2-Card1-01596,dense,380.0,True,514,1.3526315789473684,True,True,13,329,329,0,17.0,22.0,True,,subtract
16May15Camera2-Card1-1337,medium,263.0,True,276,1.049429657794677,True,True,41,15,15,2,30.39,40.0,True,,subtract
16May15Camera2-Card1-1357,dense,913.0,True,876,0.95947426067908,True,True,20,867,867,0,13.0,17.0,True,,subtract
16May15Camera2-Card1-695,dense,327.0,True,348,1.0642201834862386,True,True,32,249,249,0,22.31,29.0,True,,subtract
16May15Camera2-Card1-725,medium,235.0,True,256,1.0893617021276596,True,True,7,98,98,0,36.99,48.0,True,,subtract
16May15Camera2-Card1-801,dense,386.0,True,376,0.9740932642487048,True,True,7,371,371,0,26.89,35.0,True,,subtract
17June11Camera1-Card5-0365,dense,348.0,True,404,1.160919540229885,True,True,5,265,265,0,32.65,42.0,True,,subtract
17June11Camera1-Card5-0537,dense,332.0,True,363,1.0933734939759037,True,True,8,309,309,0,27.85,36.0,True,,subtract
17June11Camera1-Card5-0585,medium,167.0,True,239,1.4311377245508985,True,True,4,171,171,0,20.8,27.0,True,,subtract
17June11Camera1-Card6-0459,dense,804.0,True,632,0.7860696517412935,True,True,10,544,544,0,44.87,58.0,True,,subtract
17June13Camera1-Card1-0069,medium,76.0,True,103,1.355263157894737,True,True,22,100,100,0,40.81,53.0,True,,subtract
17June13Camera1-Card1-1061,dense,344.0,True,257,0.747093023255814,True,True,16,253,253,0,52.26,68.0,True,,subtract
17June13Camera2-Card1-0176,dense,451.0,True,458,1.0155210643015522,True,True,38,458,458,0,29.95,39.0,True,,subtract
17June21Camera1-Card1-10326,sparse,21.0,True,26,1.238095238095238,True,True,3,22,22,0,34.0,44.0,True,,subtract
17June21Camera1-Card1-10433,medium,74.0,True,90,1.2162162162162162,True,True,3,86,86,0,30.0,39.0,True,,subtract
17June21Camera1-Card2-1301,dense,418.0,True,305,0.7296650717703349,True,True,42,295,295,0,37.49,49.0,True,,subtract
17June21Camera1-Card2-154,dense,302.0,True,350,1.1589403973509933,True,True,11,289,289,0,48.09,63.0,True,,subtract
17June21Camera1-Card2-603,sparse,8.0,True,10,1.25,True,True,4,8,8,0,,30.0,False,,subtract
17June21Camera1-Card2-982,medium,52.0,True,67,1.2884615384615383,True,True,8,53,53,0,31.79,41.0,True,,subtract
17June21Camera2-Card1-10516,dense,372.0,True,450,1.2096774193548387,True,True,16,372,372,0,35.06,46.0,True,,subtract
17June21Camera2-Card1-9985,sparse,14.0,True,21,1.5,True,True,4,3,3,0,10.0,16.0,True,,subtract
17June21Camera2-Card2-02442,medium,82.0,True,127,1.548780487804878,True,True,8,99,99,0,20.29,26.0,True,,subtract
17June21Camera2-Card2-02871,medium,58.0,True,93,1.603448275862069,True,True,8,88,88,0,29.53,38.0,True,,subtract
17June21Camera2-Card2-03556,dense,365.0,True,317,0.8684931506849315,True,True,17,256,256,0,17.12,22.0,True,,subtract
17June21Camera2-Card2-3207,dense,379.0,True,295,0.7783641160949868,True,True,21,295,295,0,28.14,37.0,True,,subtract
17June21Camera2-Card2-55,medium,62.0,True,97,1.564516129032258,True,True,7,57,57,0,7.79,16.0,True,,subtract
17June21Camera2-Card2-620,medium,61.0,True,67,1.098360655737705,True,True,4,61,61,0,17.7,23.0,True,,subtract
17May10Camera1-Card1-0101,dense,389.0,True,403,1.0359897172236503,True,True,11,368,368,0,23.99,31.0,True,,subtract
17May10Camera1-Card1-0218,medium,156.0,True,239,1.5320512820512822,True,True,8,138,138,0,10.51,16.0,True,,subtract
17May10Camera1-Card1-0275,dense,662.0,True,510,0.770392749244713,True,True,9,406,406,0,34.33,45.0,True,,subtract
17May10Camera1-Card1-0395,dense,603.0,True,487,0.8076285240464345,True,True,9,412,412,0,30.37,39.0,True,,subtract
17May10Camera1-Card1-0868,medium,129.0,True,139,1.0775193798449612,True,True,8,137,137,0,29.55,38.0,True,,subtract
17May10Camera1-Card1-0925,medium,90.0,True,67,0.7444444444444445,True,True,10,64,64,0,29.18,38.0,True,,subtract
17May10Camera1-Card1-1022,dense,301.0,True,295,0.9800664451827242,True,True,7,255,255,0,24.0,31.0,True,,subtract
17May10Camera1-Card1-1076,dense,360.0,True,453,1.2583333333333333,True,True,6,258,256,2,22.56,29.0,True,,subtract
17May10Camera1-Card1-1272,sparse,14.0,True,11,0.7857142857142857,True,True,24,11,11,0,,28.0,False,,subtract
17May11Camera1-Card2-0267,dense,1437.0,True,1478,1.0285316631871957,True,True,8,782,782,0,18.4,24.0,True,,subtract
17May11Camera1-Card2-0384,dense,375.0,True,392,1.0453333333333332,True,True,8,285,285,0,18.38,24.0,True,,subtract
17May11Camera1-Card2-0416,dense,797.0,True,555,0.6963613550815558,True,True,14,496,496,0,40.82,53.0,True,,subtract
17May11Camera1-Card2-0717,medium,153.0,True,243,1.588235294117647,True,True,10,226,226,0,13.07,17.0,True,,subtract
17May11Camera1-Card2-0765,medium,60.0,True,82,1.3666666666666667,True,True,6,60,60,0,16.0,21.0,True,,subtract
17May11Camera2-Card1-0109,dense,487.0,True,611,1.2546201232032854,True,True,11,466,465,1,15.69,20.0,True,,subtract
17May11Camera2-Card2-0511,dense,361.0,True,320,0.8864265927977839,True,True,8,270,270,0,28.46,37.0,True,,subtract
17May11Camera2-Card2-0584,dense,577.0,True,758,1.3136915077989602,True,True,18,713,713,0,31.76,41.0,True,,subtract
17May11Camera2-Card2-0585,dense,465.0,True,555,1.1935483870967742,True,True,18,478,478,0,27.59,36.0,True,,subtract
17May11Camera2-Card2-71,dense,330.0,True,330,1.0,True,True,44,327,327,0,13.0,17.0,True,,subtract
17May11Camera2-Card3-0163,sparse,27.0,True,33,1.2222222222222223,True,True,13,20,20,0,26.72,35.0,True,,subtract
17May15Camera1-Card3-00699,dense,1030.0,True,931,0.903883495145631,True,True,15,873,873,0,30.46,40.0,True,,subtract
17May15Camera1-Card3-00709,dense,1274.0,True,1769,1.3885400313971743,True,True,10,1705,1705,0,28.99,38.0,True,,subtract
17May15Camera1-Card3-00747,dense,1033.0,True,1355,1.3117134559535335,True,True,10,1183,1183,0,37.0,48.0,True,,subtract
17May15Camera1-Card3-00855,dense,1025.0,True,982,0.9580487804878048,True,True,30,484,484,0,32.45,42.0,True,,subtract
17May15Camera1-Card3-01140,dense,1657.0,True,2022,1.220277610138805,True,True,5,1444,1444,0,36.18,47.0,True,,subtract
17May15Camera1-Card3-01230,dense,1257.0,True,1327,1.0556881463802703,True,True,8,1254,1254,0,34.2,44.0,True,,subtract
17May15Camera1-Card3-01341,medium,57.0,True,70,1.2280701754385963,True,True,4,27,27,0,46.11,60.0,True,,subtract
17May15Camera1-Card3-01477,dense,480.0,True,457,0.9520833333333332,True,True,35,281,281,0,19.37,25.0,True,,subtract
17May15Camera1-Card3-01514,medium,96.0,True,117,1.21875,True,True,4,89,89,0,10.11,16.0,True,,subtract
17May15Camera1-Card4-765,medium,55.0,True,67,1.2181818181818185,True,True,9,63,63,0,44.56,58.0,True,,subtract
17May15Camera1-Card5-00003,medium,62.0,True,74,1.1935483870967742,True,True,7,73,73,0,43.27,56.0,True,,subtract
17May15Camera1-Card5-423,sparse,12.0,True,16,1.3333333333333333,True,True,3,13,13,0,59.0,77.0,True,,subtract
17May15Camera1-Card5-445,dense,1100.0,True,910,0.8272727272727273,True,True,6,54,54,0,32.6,42.0,True,,subtract
17May15Camera2-Card3-00019,dense,638.0,True,744,1.1661442006269591,True,True,6,640,640,0,28.99,38.0,True,,subtract
17May15Camera2-Card3-00074,sparse,26.0,True,26,1.0,True,True,25,22,22,0,20.95,27.0,True,,subtract
17May15Camera2-Card3-00425,dense,393.0,True,652,1.659033078880407,True,True,19,407,407,0,9.0,16.0,True,,subtract
17May15Camera2-Card3-00572,dense,379.0,True,543,1.432717678100264,True,True,11,409,409,0,36.0,47.0,True,,subtract
17May15Camera2-Card3-00625,dense,327.0,True,534,1.6330275229357798,True,True,10,499,499,0,33.41,43.0,True,,subtract
17May15Camera2-Card3-00952,medium,101.0,True,163,1.613861386138614,True,True,8,135,135,0,22.14,29.0,True,,subtract
17May15Camera2-Card3-01229,sparse,30.0,True,35,1.1666666666666667,True,True,3,29,29,0,36.26,47.0,True,,subtract
17May15Camera2-Card3-1643,sparse,17.0,True,18,1.0588235294117647,True,True,4,8,8,0,29.86,39.0,True,,subtract
17May21Camera1-Card1-211,dense,571.0,True,681,1.1926444833625218,True,True,20,214,214,0,41.51,54.0,True,,subtract
17May21Camera1-Card1-3875,dense,311.0,True,367,1.180064308681672,True,True,19,288,287,1,31.02,40.0,True,,subtract
17May21Camera1-Card1-4238,dense,671.0,True,422,0.6289120715350224,True,True,10,81,81,0,44.0,57.0,True,,subtract
17May21Camera1-Card1-469,medium,184.0,True,255,1.3858695652173914,True,True,13,221,221,0,32.3,42.0,True,,subtract
17May21Camera2-Card1-1224,dense,652.0,True,802,1.2300613496932515,True,True,26,793,792,1,21.37,28.0,True,,subtract
17May21Camera2-Card1-3470,dense,578.0,True,668,1.1557093425605536,True,True,11,622,622,0,18.99,25.0,True,,subtract
17May21Camera2-Card1-4201,dense,359.0,True,509,1.4178272980501392,True,True,9,239,239,0,19.05,25.0,True,,subtract
17May21Camera2-Card1-4268,dense,445.0,True,562,1.262921348314607,True,True,25,470,470,0,13.0,17.0,True,,subtract
17May21Camera2-Card1-720,dense,520.0,True,576,1.1076923076923078,True,True,8,351,351,0,10.1,16.0,True,,subtract
17May21Camera2-Card1-732,dense,702.0,True,727,1.0356125356125356,True,True,6,446,446,0,17.44,23.0,True,,subtract
17May21Camera2-Card1-749,dense,321.0,True,389,1.2118380062305296,True,True,13,341,341,0,11.08,16.0,True,,subtract
17May21Camera2-Card1-846,dense,347.0,True,231,0.6657060518731989,True,True,5,23,23,0,17.95,23.0,True,,subtract
18June11Camera2-Card6-0539,medium,233.0,True,230,0.9871244635193132,True,True,18,125,125,0,27.0,35.0,True,,subtract
18June11Camera2-Card7-586,medium,165.0,True,188,1.1393939393939394,True,True,4,81,81,0,20.0,26.0,True,,subtract
18June13Camera1-Card2-0033,dense,1580.0,True,1273,0.8056962025316455,True,True,6,1206,1206,0,11.37,16.0,True,,subtract
18June13Camera1-Card2-0100,dense,827.0,True,1320,1.596130592503023,True,True,6,826,826,0,18.0,23.0,True,,subtract
18June13Camera1-Card2-0296,dense,703.0,True,1154,1.6415362731152203,True,True,13,1014,1014,1,30.11,39.0,True,,subtract
18June13Camera1-Card2-0303,dense,2661.0,True,2288,0.8598271326568959,True,True,6,2025,2025,0,24.89,32.0,True,,subtract
18June13Camera1-Card2-1513,sparse,9.0,True,13,1.4444444444444444,True,True,6,10,10,1,43.51,57.0,True,,subtract
18June13Camera2-Card2-0066,dense,677.0,True,653,0.964549483013294,True,True,9,570,570,1,34.82,45.0,True,,subtract
18June13Camera2-Card2-0302,medium,99.0,True,119,1.202020202020202,True,True,10,96,96,0,28.96,38.0,True,,subtract
18June13Camera2-Card2-0304,sparse,43.0,True,58,1.3488372093023255,True,True,10,49,49,0,30.22,39.0,True,,subtract
18June13Camera2-Card2-0756,dense,376.0,True,542,1.4414893617021276,True,True,7,458,457,1,22.36,29.0,True,,subtract
18June13Camera2-Card2-1109,dense,307.0,True,356,1.1596091205211727,True,True,8,332,332,0,22.25,29.0,True,,subtract
18June13Camera2-Card2-1189,medium,103.0,True,139,1.3495145631067962,True,True,7,131,131,0,23.0,30.0,True,,subtract
18June13Camera2-Card2-1299,medium,129.0,True,206,1.5968992248062015,True,True,7,128,128,0,19.97,26.0,True,,subtract
18June21Camera1-Card2-5819,sparse,32.0,True,32,1.0,True,True,4,32,32,0,42.78,56.0,True,,subtract
18June21Camera1-Card2-6059,medium,255.0,True,325,1.2745098039215683,True,True,15,295,295,0,36.84,48.0,True,,subtract
18June21Camera1-Card2-9246,sparse,13.0,True,13,1.0,True,True,6,12,12,0,,30.0,False,,subtract
18June21Camera2-Card2-05875,medium,103.0,True,82,0.7961165048543689,True,True,98,59,59,0,23.65,31.0,True,,subtract
18June21Camera2-Card2-06174,dense,781.0,True,1227,1.571062740076825,True,True,12,727,715,18,21.92,28.0,True,,subtract
18June21Camera2-Card3-182,dense,477.0,True,595,1.2473794549266248,True,True,21,569,568,1,24.0,31.0,True,,subtract
18May10Camera1-Card1-0200,medium,90.0,True,102,1.1333333333333333,True,True,11,92,92,0,11.64,16.0,True,,subtract
18May10Camera1-Card1-0220,sparse,44.0,True,71,1.6136363636363635,True,True,8,61,61,0,20.0,26.0,True,,subtract
18May10Camera1-Card1-0306,medium,58.0,True,67,1.1551724137931034,True,True,7,63,63,0,28.43,37.0,True,,subtract
18May10Camera1-Card1-0388,medium,97.0,True,97,1.0,True,True,8,94,94,0,23.72,31.0,True,,subtract
18May10Camera1-Card1-0661,medium,259.0,True,304,1.1737451737451738,True,True,4,258,258,0,30.51,40.0,True,,subtract
18May10Camera1-Card1-0817,medium,102.0,True,86,0.8431372549019608,True,True,5,16,16,0,42.84,56.0,True,,subtract
18May11Camera1-Card4-0187,medium,226.0,True,252,1.1150442477876106,True,True,6,184,183,1,30.32,39.0,True,,subtract
18May11Camera1-Card4-0201,dense,356.0,True,311,0.8735955056179775,True,True,17,227,227,1,34.56,45.0,True,,subtract
18May11Camera1-Card4-0273,dense,387.0,True,379,0.979328165374677,True,True,17,311,311,0,25.55,33.0,True,,subtract
18May11Camera1-Card4-0316,dense,329.0,True,480,1.458966565349544,True,True,17,146,146,1,43.04,56.0,True,,subtract
18May11Camera1-Card4-0396,medium,278.0,True,307,1.10431654676259,True,True,10,286,286,0,27.87,36.0,True,,subtract
18May11Camera1-Card4-0411,sparse,38.0,True,60,1.5789473684210529,True,True,6,38,38,0,42.0,55.0,True,,subtract
18May11Camera1-Card4-0976,medium,134.0,True,163,1.2164179104477613,True,True,17,153,153,0,36.12,47.0,True,,subtract
18May11Camera1-Card4-0996,dense,344.0,True,309,0.8982558139534884,True,True,19,279,279,0,40.59,53.0,True,,subtract
18May11Camera1-Card5-0267,medium,91.0,True,57,0.6263736263736264,True,True,10,55,55,0,27.38,36.0,True,,subtract
18May11Camera1-Card6-0369,medium,110.0,True,116,1.0545454545454545,True,True,6,109,109,0,34.75,45.0,True,,subtract
18May11Camera2-Card5-0075,dense,560.0,True,419,0.7482142857142857,True,True,7,393,393,0,15.0,20.0,True,,subtract
18May11Camera2-Card5-0081,medium,234.0,True,160,0.6837606837606838,True,True,10,148,148,0,27.74,36.0,True,,subtract
18May11Camera2-Card5-0144,dense,359.0,True,539,1.501392757660167,True,True,5,244,244,1,9.33,16.0,True,,subtract
18May11Camera2-Card5-0213,dense,390.0,True,354,0.9076923076923076,True,True,15,341,340,1,31.52,41.0,True,,subtract
18May11Camera2-Card5-0244,dense,345.0,True,257,0.744927536231884,True,True,15,239,239,0,28.0,36.0,True,,subtract
18May15Camera1-Card5-1592,medium,81.0,True,90,1.1111111111111112,True,True,6,80,80,0,36.07,47.0,True,,subtract
18May15Camera1-Card6-00896,sparse,46.0,True,41,0.8913043478260869,True,True,26,35,35,0,43.24,56.0,True,,subtract
18May15Camera1-Card6-01046,medium,251.0,True,365,1.454183266932271,True,True,9,331,331,0,9.0,16.0,True,,subtract
18May15Camera1-Card6-01094,dense,356.0,True,443,1.2443820224719102,True,True,8,347,347,0,41.94,55.0,True,,subtract
18May15Camera1-Card6-01184,medium,150.0,True,166,1.106666666666667,True,True,13,150,150,0,40.02,52.0,True,,subtract
18May15Camera1-Card6-197,medium,105.0,True,153,1.457142857142857,True,True,11,136,136,0,36.82,48.0,True,,subtract
18May15Camera1-Card6-467,sparse,40.0,True,58,1.45,True,True,5,44,44,0,45.08,59.0,True,,subtract
18May15Camera1-Card6-811,dense,314.0,True,503,1.6019108280254777,True,True,6,313,313,0,27.18,35.0,True,,subtract
18May15Camera1-Card6-814,dense,527.0,True,782,1.4838709677419355,True,True,4,44,44,0,34.68,45.0,True,,subtract
18May15Camera2-Card5-00154,medium,56.0,True,58,1.0357142857142858,True,True,14,46,46,0,21.34,28.0,True,,subtract
18May15Camera2-Card5-00495,sparse,43.0,True,64,1.4883720930232558,True,True,3,43,43,0,20.29,26.0,True,,subtract
18May15Camera2-Card5-00762,medium,64.0,True,76,1.1875,True,True,4,63,63,0,18.09,24.0,True,,subtract
18May15Camera2-Card5-1496,dense,301.0,True,406,1.3488372093023255,True,True,12,338,338,0,18.09,24.0,True,,subtract
18May15Camera2-Card5-1498,dense,351.0,True,443,1.2621082621082622,True,True,13,355,355,0,18.0,23.0,True,,subtract
18May15Camera2-Card6-00724,medium,53.0,True,57,1.0754716981132075,True,True,3,23,23,0,14.0,18.0,True,,subtract
18May21Camera1-Card1-6634,medium,294.0,True,351,1.1938775510204085,True,True,21,332,332,0,34.72,45.0,True,,subtract
18May21Camera2-Card1-05977,dense,637.0,True,809,1.2700156985871272,True,True,12,719,719,0,15.25,20.0,True,,subtract
19June12Camera1-Card4-0212,dense,389.0,True,583,1.4987146529562982,True,True,14,511,511,0,35.0,46.0,True,,subtract
19June12Camera1-Card4-0866,medium,99.0,True,132,1.3333333333333333,True,True,7,76,76,0,36.19,47.0,True,,subtract
19June12Camera1-Card4-0974,dense,347.0,True,350,1.0086455331412103,True,True,7,326,326,0,8.18,16.0,True,,subtract
19June12Camera1-Card4-1005,sparse,18.0,True,13,0.7222222222222222,True,True,4,12,12,0,34.65,45.0,True,,subtract
19June12Camera2-Card6-0326,dense,364.0,True,511,1.4038461538461535,True,True,16,481,481,0,29.55,38.0,True,,subtract
19June12Camera2-Card7-0216,dense,1050.0,True,1174,1.118095238095238,True,True,8,825,825,0,13.13,17.0,True,,subtract
19June13Camera1-Card3-0457,dense,841.0,True,693,0.8240190249702735,True,True,8,651,651,0,33.12,43.0,True,,subtract
19June13Camera1-Card4-0093,dense,512.0,True,415,0.810546875,True,True,10,367,367,0,25.94,34.0,True,,subtract
19June13Camera1-Card4-0128,medium,92.0,True,152,1.6521739130434785,True,True,10,107,107,1,39.01,51.0,True,,subtract
19June13Camera1-Card4-0723,dense,308.0,True,465,1.5097402597402598,True,True,11,431,431,0,38.24,50.0,True,,subtract
19June13Camera1-Card4-0815,dense,1019.0,True,1322,1.297350343473994,True,True,9,763,763,0,18.25,24.0,True,,subtract
19June13Camera1-Card4-0820,medium,232.0,True,346,1.4913793103448276,True,True,16,25,25,0,36.69,48.0,True,,subtract
19June13Camera1-Card5-0119,medium,106.0,True,154,1.4528301886792452,True,True,21,129,129,0,32.98,43.0,True,,subtract
19June13Camera2-Card3-0133,dense,302.0,True,472,1.5629139072847682,True,True,6,469,468,1,25.84,34.0,True,,subtract
19June13Camera2-Card3-0134,dense,322.0,True,374,1.1614906832298135,True,True,6,372,372,0,21.62,28.0,True,,subtract
19June13Camera2-Card3-0586,medium,107.0,True,146,1.3644859813084111,True,True,7,103,103,0,46.0,60.0,True,,subtract
19June13Camera2-Card3-0640,sparse,26.0,True,33,1.2692307692307692,True,True,3,22,22,0,27.04,35.0,True,,subtract
19June13Camera2-Card3-0659,sparse,23.0,True,26,1.1304347826086956,True,True,5,18,18,0,50.8,66.0,True,,subtract
19June13Camera2-Card4-0147,sparse,17.0,True,27,1.588235294117647,True,True,9,25,24,1,24.46,32.0,True,,subtract
19June13Camera2-Card4-0781,medium,103.0,True,136,1.3203883495145632,True,True,20,105,105,0,26.0,34.0,True,,subtract
19June21Camera1-Card2-9494,sparse,26.0,True,38,1.4615384615384617,True,True,15,26,26,0,37.25,48.0,True,,subtract
19May11Camera1-Card10-0162,dense,634.0,True,655,1.0331230283911672,True,True,5,613,613,0,12.0,16.0,True,,subtract
19May11Camera1-Card7-0177,dense,1083.0,True,690,0.6371191135734072,True,True,6,676,676,0,25.0,32.0,True,,subtract
19May11Camera1-Card7-0254,dense,754.0,True,805,1.0676392572944298,True,True,7,2,2,0,52.55,68.0,True,,subtract
19May11Camera1-Card7-0292,dense,346.0,True,526,1.5202312138728324,True,True,4,208,208,0,27.86,36.0,True,,subtract
19May11Camera1-Card7-0648,dense,1764.0,True,2493,1.413265306122449,True,True,9,1973,1973,0,29.88,39.0,True,,subtract
19May11Camera1-Card9-0507,dense,456.0,True,484,1.0614035087719298,True,True,12,384,384,0,25.0,32.0,True,,subtract
19May11Camera2-Card7-0702,dense,489.0,True,366,0.7484662576687117,True,True,4,56,56,0,43.0,56.0,True,,subtract
19May18Camera1-Card1-00030,sparse,18.0,True,16,0.8888888888888888,True,True,6,8,8,0,7.5,16.0,True,,subtract
19May18Camera1-Card1-00086,medium,121.0,True,130,1.0743801652892562,True,True,8,130,130,0,28.0,36.0,True,,subtract
19May18Camera1-Card1-00699,medium,136.0,True,224,1.6470588235294117,True,True,40,94,94,0,12.0,16.0,True,,subtract
19May18Camera1-Card1-00799,dense,383.0,True,274,0.7154046997389034,True,True,26,235,235,2,12.94,17.0,True,,subtract
19May18Camera1-Card1-00806,sparse,29.0,True,19,0.6551724137931034,True,True,7,8,8,0,7.0,16.0,True,,subtract
19May18Camera1-Card1-00820,dense,335.0,True,268,0.8,True,True,61,128,128,0,40.0,52.0,True,,subtract
19May18Camera1-Card1-00956,dense,808.0,True,726,0.8985148514851485,True,True,6,687,687,0,17.53,23.0,True,,subtract
19May18Camera1-Card1-00966,medium,274.0,True,378,1.3795620437956204,True,True,5,180,180,0,27.49,36.0,True,,subtract
19May18Camera1-Card1-01478,medium,112.0,True,185,1.6517857142857142,True,True,33,78,78,0,17.96,23.0,True,,subtract
19May18Camera1-Card1-01503,medium,79.0,True,124,1.5696202531645569,True,True,10,67,67,0,47.54,62.0,True,,subtract
19May18Camera1-Card1-01850,dense,331.0,True,549,1.658610271903323,True,True,11,355,355,0,34.0,44.0,True,,subtract
19May18Camera1-Card1-01917,medium,106.0,True,155,1.4622641509433962,True,True,10,68,67,1,35.99,47.0,True,,subtract
19May18Camera1-Card1-01985,medium,164.0,True,118,0.7195121951219512,True,True,31,6,6,0,31.65,41.0,True,,subtract
19May18Camera1-Card1-02488,dense,366.0,True,372,1.0163934426229508,True,True,7,350,350,0,50.17,65.0,True,,subtract
19May18Camera1-Card1-1791,medium,128.0,True,157,1.2265625,True,True,2,34,34,0,33.17,43.0,True,,subtract
19May18Camera1-Card1-2380,dense,322.0,True,333,1.0341614906832295,True,True,11,249,248,1,27.11,35.0,True,,subtract
19May18Camera1-Card1-2387,sparse,18.0,True,21,1.1666666666666667,True,True,7,20,20,0,20.0,26.0,True,,subtract
19May18Camera1-Card1-2492,medium,131.0,True,144,1.099236641221374,True,True,6,128,128,0,29.52,38.0,True,,subtract
19May18Camera1-Card1-2539,medium,264.0,True,334,1.2651515151515151,True,True,8,131,131,0,24.0,31.0,True,,subtract
19May18Camera2-Card1-01475,medium,60.0,True,100,1.6666666666666667,True,True,8,60,60,0,20.0,26.0,True,,subtract
19May18Camera2-Card1-01856,medium,148.0,True,158,1.0675675675675675,True,True,4,142,142,0,18.0,23.0,True,,subtract
19May18Camera2-Card1-02070,sparse,31.0,True,48,1.5483870967741935,True,True,16,45,45,0,16.44,21.0,True,,subtract
19May18Camera2-Card1-02090,medium,156.0,True,163,1.044871794871795,True,True,7,163,163,0,30.5,40.0,True,,subtract
19May18Camera2-Card1-1707,sparse,7.0,True,11,1.5714285714285714,True,True,3,9,9,0,,42.0,False,,subtract
19May18Camera2-Card1-2228,medium,157.0,True,244,1.5541401273885351,True,True,4,241,241,0,14.61,19.0,True,,subtract
19May18Camera2-Card1-2428,dense,586.0,True,710,1.21160409556314,True,True,4,586,586,0,21.2,28.0,True,,subtract
19May18Camera2-Card1-2561,dense,347.0,True,426,1.2276657060518732,True,True,7,408,408,0,23.12,30.0,True,,subtract
20June12Camera1-Card7-0307,dense,339.0,True,464,1.368731563421829,True,True,17,344,344,0,33.62,44.0,True,,subtract
20June15Camera1-Card1-01147,medium,67.0,True,95,1.417910447761194,True,True,4,24,24,0,12.15,16.0,True,,subtract
20June15Camera1-Card1-01540,medium,52.0,True,60,1.1538461538461535,True,True,8,57,57,0,43.04,56.0,True,,subtract
20June15Camera2-Card1-00082,medium,193.0,True,172,0.8911917098445595,True,True,18,27,27,0,13.45,17.0,True,,subtract
20June21Camera1-Card3-3281,dense,544.0,True,581,1.068014705882353,True,True,15,342,342,0,28.0,36.0,True,,subtract
20June21Camera1-Card3-4560,dense,499.0,True,636,1.2745490981963927,True,True,4,240,240,0,40.3,52.0,True,,subtract
20June21Camera1-Card3-5902,dense,343.0,True,346,1.0087463556851313,True,True,24,277,277,0,22.15,29.0,True,,subtract
20June21Camera1-Card3-5965,medium,137.0,True,87,0.635036496350365,True,True,27,85,85,0,45.0,58.0,True,,subtract
20June21Camera2-Card3-5018,dense,503.0,True,559,1.1113320079522864,True,True,7,473,473,0,16.83,22.0,True,,subtract
20June21Camera2-Card3-6142,dense,310.0,True,454,1.464516129032258,True,True,29,445,445,0,21.02,27.0,True,,subtract
20May11Camera1-Card11-0077,dense,830.0,True,630,0.7590361445783133,True,True,12,380,380,0,34.11,44.0,True,,subtract
20May11Camera1-Card11-0088,medium,267.0,True,336,1.2584269662921348,True,True,18,265,265,0,29.81,39.0,True,,subtract
20May11Camera2-Card8-0356,dense,643.0,True,610,0.948678071539658,True,True,12,572,572,3,17.9,23.0,True,,subtract
20May18Camera2-Card1-4383,dense,520.0,True,684,1.3153846153846154,True,True,9,676,676,0,36.15,47.0,True,,subtract
20May21Camera2-Card1-9003,dense,513.0,True,540,1.0526315789473684,True,True,9,115,115,1,39.0,51.0,True,,subtract
21June15Camera1-Card2-00451,sparse,17.0,True,24,1.411764705882353,True,True,17,15,15,0,35.31,46.0,True,,subtract
21June15Camera1-Card2-00654,medium,109.0,True,168,1.5412844036697249,True,True,21,148,148,0,37.01,48.0,True,,subtract
21June15Camera1-Card2-00693,dense,340.0,True,476,1.4,True,True,6,26,26,0,41.0,53.0,True,,subtract
21June15Camera1-Card2-01262,medium,131.0,True,110,0.8396946564885496,True,True,7,51,51,0,21.51,28.0,True,,subtract
21June15Camera1-Card2-1557,medium,73.0,True,50,0.684931506849315,True,True,6,50,50,0,38.0,49.0,True,,subtract
21June15Camera1-Card3-00407,medium,241.0,True,391,1.6224066390041494,True,True,11,382,382,0,27.0,35.0,True,,subtract
21June15Camera1-Card3-00459,medium,61.0,True,70,1.147540983606557,True,True,10,66,66,0,24.17,31.0,True,,subtract
21June15Camera1-Card3-00465,dense,432.0,True,451,1.0439814814814814,True,True,12,307,307,0,30.02,39.0,True,,subtract
21June15Camera1-Card3-00472,medium,278.0,True,302,1.0863309352517985,True,True,10,243,243,0,36.19,47.0,True,,subtract
21June15Camera1-Card3-01044,dense,336.0,True,291,0.8660714285714286,True,True,17,51,51,0,11.11,16.0,True,,subtract
21June15Camera1-Card3-01255,dense,1017.0,True,1380,1.3569321533923304,True,True,5,333,333,0,32.57,42.0,True,,subtract
21June15Camera1-Card3-01268,dense,1630.0,True,2468,1.514110429447853,True,True,5,1260,1260,20,14.0,18.0,True,,subtract
21June15Camera1-Card3-01343,dense,1599.0,True,1750,1.0944340212632897,True,True,6,1611,1611,0,41.23,54.0,True,,subtract
21June15Camera2-Card2-00248,medium,77.0,True,60,0.7792207792207793,True,True,42,21,21,0,18.13,24.0,True,,subtract
21June15Camera2-Card2-00280,sparse,47.0,True,76,1.6170212765957446,True,True,19,52,52,0,19.5,25.0,True,,subtract
21June15Camera2-Card2-00407,sparse,21.0,True,23,1.0952380952380951,True,True,6,2,2,0,35.14,46.0,True,,subtract
21June15Camera2-Card2-01223,sparse,28.0,True,29,1.0357142857142858,True,True,14,29,29,0,31.48,41.0,True,,subtract
21June15Camera2-Card2-01240,medium,89.0,True,98,1.101123595505618,True,True,15,79,79,0,17.91,23.0,True,,subtract
21June15Camera2-Card3-00564,dense,588.0,True,752,1.2789115646258504,True,True,13,463,463,0,32.0,42.0,True,,subtract
21June15Camera2-Card3-00570,dense,382.0,True,376,0.9842931937172776,True,True,8,361,358,3,39.6,51.0,True,,subtract
21June15Camera2-Card3-00571,dense,556.0,True,451,0.8111510791366906,True,True,18,449,449,0,35.4,46.0,True,,subtract
21June15Camera2-Card3-00578,medium,83.0,True,132,1.5903614457831323,True,True,3,46,46,0,38.49,50.0,True,,subtract
21June15Camera2-Card3-01138,dense,304.0,True,492,1.618421052631579,True,True,10,110,110,6,43.15,56.0,True,,subtract
21May18Camera1-Card1-4222,dense,383.0,True,539,1.4073107049608355,True,True,9,399,399,0,17.68,23.0,True,,subtract
21May18Camera1-Card1-4231,dense,305.0,True,498,1.6327868852459015,True,True,8,275,275,0,23.37,30.0,True,,subtract
21May18Camera1-Card1-4356,dense,472.0,True,465,0.9851694915254238,True,True,8,445,445,0,27.68,36.0,True,,subtract
21May18Camera1-Card1-4490,dense,331.0,True,416,1.256797583081571,True,True,8,341,341,0,9.59,16.0,True,,subtract
21May18Camera1-Card1-4754,dense,330.0,True,359,1.087878787878788,True,True,3,357,357,0,27.51,36.0,True,,subtract
21May18Camera1-Card1-5237,dense,420.0,True,404,0.961904761904762,True,True,44,65,65,2,11.67,16.0,True,,subtract
21May18Camera1-Card1-5540,dense,329.0,True,212,0.6443768996960486,True,True,16,204,204,0,15.55,20.0,True,,subtract
21May18Camera1-Card1-5622,dense,464.0,True,389,0.8383620689655172,True,True,4,33,33,0,8.62,16.0,True,,subtract
21May18Camera1-Card1-6148,dense,325.0,True,370,1.1384615384615384,True,True,7,257,257,0,29.73,39.0,True,,subtract
21May18Camera1-Card1-6275,dense,1236.0,True,1067,0.8632686084142395,True,True,10,851,851,0,9.76,16.0,True,,subtract
21May18Camera2-Card1-7672,sparse,21.0,True,17,0.8095238095238095,True,True,4,15,15,0,7.0,16.0,True,,subtract
21May18Camera2-Card1-8095,dense,447.0,True,465,1.0402684563758389,True,True,9,382,382,0,33.85,44.0,True,,subtract
21May18Camera2-Card1-8100,dense,311.0,True,331,1.0643086816720255,True,True,6,159,159,0,28.83,37.0,True,,subtract
21May18Camera2-Card1-8403,dense,409.0,True,498,1.21760391198044,True,True,9,418,418,0,23.0,30.0,True,,subtract
21May18Camera2-Card1-8476,dense,380.0,True,389,1.0236842105263158,True,True,35,388,388,0,19.58,25.0,True,,subtract
21May18Camera2-Card1-8556,dense,394.0,True,640,1.6243654822335023,True,True,7,393,393,0,22.5,29.0,True,,subtract
21May18Camera2-Card1-8703,medium,87.0,True,93,1.0689655172413792,True,True,5,83,83,0,24.97,32.0,True,,subtract
22June15Camera1-Card4-00074,dense,443.0,True,451,1.018058690744921,True,True,5,110,110,0,40.86,53.0,True,,subtract
22June15Camera1-Card4-230,sparse,45.0,True,35,0.7777777777777778,True,True,4,33,33,0,52.18,68.0,True,,subtract
22June15Camera1-Card5-147,dense,823.0,True,678,0.8238153098420413,True,True,86,670,670,0,11.03,16.0,True,,subtract
22May21Camera2-Card2-1274,dense,576.0,True,552,0.9583333333333334,True,True,8,390,390,0,19.05,25.0,True,,subtract
22May21Camera2-Card2-535,dense,647.0,True,938,1.4497681607418855,True,True,15,612,612,0,11.0,16.0,True,,subtract
23June10Camera1-Card1-0566,sparse,34.0,True,37,1.088235294117647,True,True,28,37,37,0,43.36,56.0,True,,subtract
23June10Camera1-Card2-0538,medium,88.0,True,107,1.2159090909090908,True,True,17,99,99,0,34.4,45.0,True,,subtract
23June10Camera2-Card1-0124,medium,168.0,True,231,1.375,True,True,11,41,41,0,21.59,28.0,True,,subtract
23June10Camera2-Card1-0244,dense,355.0,True,229,0.6450704225352113,True,True,17,55,55,0,7.0,16.0,True,,subtract
23June10Camera2-Card1-0350,dense,392.0,True,498,1.270408163265306,True,True,19,435,435,0,13.5,18.0,True,,subtract
23June10Camera2-Card1-0771,medium,112.0,True,121,1.0803571428571428,True,True,18,109,109,0,10.7,16.0,True,,subtract
23June18Camera1-Card1-07470,medium,163.0,True,224,1.374233128834356,True,True,10,161,161,0,45.62,59.0,True,,subtract
23June18Camera1-Card1-07802,medium,187.0,True,246,1.3155080213903745,True,True,6,153,153,0,38.28,50.0,True,,subtract
23June18Camera1-Card1-07850,medium,91.0,True,125,1.3736263736263736,True,True,77,9,9,0,38.77,50.0,True,,subtract
23June18Camera1-Card1-08333,medium,75.0,True,75,1.0,True,True,11,75,75,0,35.44,46.0,True,,subtract
23June18Camera1-Card1-08679,medium,106.0,True,168,1.5849056603773586,True,True,3,24,24,0,21.0,27.0,True,,subtract
23June18Camera1-Card1-7240,dense,1598.0,True,1765,1.10450563204005,True,True,5,1666,1666,0,11.6,16.0,True,,subtract
23June18Camera1-Card1-8463,medium,118.0,True,124,1.0508474576271187,True,True,4,57,57,0,45.84,60.0,True,,subtract
23May13Camera1-Card1-0149,dense,370.0,True,522,1.4108108108108108,True,True,19,410,410,0,23.85,31.0,True,,subtract
23May13Camera1-Card1-0585,dense,644.0,True,819,1.2717391304347827,True,True,8,64,64,0,10.2,16.0,True,,subtract
23May13Camera1-Card1-0615,dense,406.0,True,317,0.7807881773399015,True,True,7,147,147,0,24.4,32.0,True,,subtract
23May13Camera1-Card1-0766,dense,1089.0,True,1128,1.0358126721763086,True,True,13,1094,1094,0,30.07,39.0,True,,subtract
23May13Camera1-Card1-0793,dense,869.0,True,1148,1.3210586881472957,True,True,9,850,850,0,41.01,53.0,True,,subtract
23May13Camera1-Card1-0856,medium,194.0,True,188,0.9690721649484536,True,True,9,183,183,0,38.0,49.0,True,,subtract
23May13Camera1-Card1-0861,dense,410.0,True,434,1.0585365853658537,True,True,21,401,401,0,18.51,24.0,True,,subtract
23May13Camera1-Card1-1045,dense,304.0,True,438,1.4407894736842106,True,True,8,303,303,0,36.41,47.0,True,,subtract
23May13Camera1-Card1-1063,medium,104.0,True,123,1.1826923076923077,True,True,18,104,104,0,27.15,35.0,True,,subtract
23May13Camera1-Card1-1245,dense,1268.0,True,1282,1.0110410094637223,True,True,11,1097,1097,0,22.96,30.0,True,,subtract
23May13Camera1-Card1-1274,dense,395.0,True,324,0.8202531645569621,True,True,5,188,188,0,11.31,16.0,True,,subtract
23May13Camera1-Card1-1307,medium,84.0,True,82,0.9761904761904762,True,True,11,41,41,0,15.05,20.0,True,,subtract
23May13Camera2-Card1-0439,dense,468.0,True,431,0.9209401709401708,True,True,15,407,407,0,38.0,49.0,True,,subtract
23May13Camera2-Card1-0504,dense,363.0,True,379,1.044077134986226,True,True,9,355,355,0,37.0,48.0,True,,subtract
23May13Camera2-Card1-0649,dense,395.0,True,318,0.8050632911392405,True,True,50,232,230,2,15.21,20.0,True,,subtract
23May13Camera2-Card1-0730,dense,493.0,True,758,1.537525354969574,True,True,10,430,428,2,23.08,30.0,True,,subtract
23May13Camera2-Card1-0848,dense,988.0,True,1033,1.0455465587044537,True,True,6,867,866,1,21.64,28.0,True,,subtract
23May13Camera2-Card1-0886,dense,626.0,True,448,0.7156549520766773,True,True,15,325,325,0,19.04,25.0,True,,subtract
23May13Camera2-Card1-1597,dense,343.0,True,251,0.7317784256559767,True,True,12,239,239,0,16.87,22.0,True,,subtract
23May21Camera1-Card3-1338,sparse,6.0,True,6,1.0,True,True,6,6,6,0,,30.0,False,,subtract
24June18Camera1-Card1-09999,sparse,25.0,True,28,1.12,True,True,10,25,25,0,50.78,66.0,True,,subtract
24June18Camera1-Card1-9705,sparse,24.0,True,24,1.0,True,True,3,24,24,0,16.93,22.0,True,,subtract
24May13Camera1-Card2-0033,medium,89.0,True,98,1.101123595505618,True,True,15,5,5,0,17.47,23.0,True,,subtract
24May13Camera1-Card2-0151,sparse,47.0,True,40,0.851063829787234,True,True,15,2,2,0,11.07,16.0,True,,subtract
24May13Camera1-Card2-1342,dense,728.0,True,1076,1.478021978021978,True,True,10,812,812,0,10.0,16.0,True,,subtract
24May13Camera1-Card2-1509,medium,54.0,True,86,1.5925925925925926,True,True,10,54,54,0,25.46,33.0,True,,subtract
24May13Camera1-Card2-1565,dense,574.0,True,682,1.1881533101045296,True,True,6,574,574,0,9.99,16.0,True,,subtract
24May13Camera2-Card2-0190,dense,341.0,True,374,1.096774193548387,True,True,5,295,295,2,19.23,25.0,True,,subtract
24May13Camera2-Card2-0330,medium,190.0,True,171,0.9,True,True,4,109,109,0,30.0,39.0,True,,subtract
24May13Camera2-Card2-0415,dense,330.0,True,442,1.3393939393939394,True,True,23,217,217,0,24.0,31.0,True,,subtract
24May13Camera2-Card2-0430,dense,526.0,True,579,1.1007604562737645,True,True,3,402,402,0,18.0,23.0,True,,subtract
24May13Camera2-Card2-0905,dense,342.0,True,447,1.3070175438596492,True,True,8,342,342,0,29.01,38.0,True,,subtract
24May13Camera2-Card2-1174,medium,285.0,True,349,1.224561403508772,True,True,11,341,297,45,26.11,34.0,True,,subtract
24May21Camera1-Card3-6204,dense,393.0,True,332,0.8447837150127226,True,True,39,16,16,0,11.84,16.0,True,,subtract
25June10Camera2-Card1-0188,dense,325.0,True,400,1.2307692307692308,True,True,13,206,205,1,14.49,19.0,True,,subtract
25June10Camera2-Card1-0623,dense,409.0,True,403,0.9853300733496332,True,True,13,365,365,0,20.38,26.0,True,,subtract
25June10Camera2-Card1-0634,medium,60.0,True,54,0.9,True,True,14,34,34,0,23.64,31.0,True,,subtract
25June18Camera1-Card1-11512,sparse,39.0,True,40,1.0256410256410255,True,True,5,29,29,0,25.27,33.0,True,,subtract
25June18Camera2-Card1-12365,sparse,33.0,True,37,1.121212121212121,True,True,3,37,37,0,29.79,39.0,True,,subtract
25May13Camera1-Card4-0673,dense,542.0,True,582,1.0738007380073802,True,True,6,512,512,0,32.33,42.0,True,,subtract
25May13Camera2-Card4-1412,medium,197.0,True,305,1.5482233502538072,True,True,8,257,256,1,23.17,30.0,True,,subtract
25May13Camera2-Card4-1442,dense,500.0,True,665,1.33,True,True,9,493,493,0,28.14,37.0,True,,subtract
25May13Camera2-Card4-1464,sparse,35.0,True,53,1.5142857142857142,True,True,6,18,18,0,31.6,41.0,True,,subtract
25May21Camera1-Card3-8734,dense,328.0,True,468,1.4268292682926829,True,True,10,370,368,2,40.98,53.0,True,,subtract
25May21Camera1-Card3-9587,medium,126.0,True,118,0.9365079365079364,True,True,6,115,115,0,54.81,71.0,True,,subtract
27June10Camera1-Card1-0636,medium,150.0,True,102,0.68,True,True,55,6,6,0,20.0,26.0,True,,subtract
27June10Camera2-Card1-0115,dense,375.0,True,524,1.397333333333333,True,True,27,512,512,0,29.38,38.0,True,,subtract
27June10Camera2-Card1-0219,dense,725.0,True,458,0.6317241379310344,True,True,19,457,457,0,17.0,22.0,True,,subtract
27June10Camera2-Card1-0241,sparse,46.0,True,71,1.5434782608695652,True,True,16,44,44,0,14.18,18.0,True,,subtract
27May12Camera1-Card1-281,medium,125.0,True,206,1.648,True,True,11,195,195,0,24.44,32.0,True,,subtract
27May12Camera1-Card1-839,dense,361.0,True,377,1.0443213296398892,True,True,4,26,26,0,29.56,38.0,True,,subtract
27May12Camera1-Card2-0033,medium,166.0,True,244,1.4698795180722892,True,True,13,236,236,0,42.85,56.0,True,,subtract
27May12Camera1-Card2-0137,medium,251.0,True,304,1.2111553784860558,True,True,9,226,226,0,31.0,40.0,True,,subtract
27May12Camera1-Card2-0406,dense,472.0,True,482,1.021186440677966,True,True,8,313,313,0,36.39,47.0,True,,subtract
27May12Camera1-Card2-0522,medium,175.0,True,184,1.0514285714285714,True,True,4,126,125,1,32.07,42.0,True,,subtract
27May12Camera1-Card2-0600,medium,187.0,True,245,1.3101604278074863,True,True,30,232,232,0,34.44,45.0,True,,subtract
27May12Camera1-Card2-0607,dense,391.0,True,416,1.0639386189258313,True,True,7,259,259,0,32.8,43.0,True,,subtract
27May12Camera1-Card2-0824,dense,331.0,True,442,1.3353474320241692,True,True,19,438,438,0,39.0,51.0,True,,subtract
27May12Camera1-Card2-0851,dense,305.0,True,288,0.9442622950819672,True,True,9,159,159,1,23.0,30.0,True,,subtract
27May12Camera1-Card2-0852,medium,147.0,True,153,1.0408163265306123,True,True,7,82,82,0,28.0,36.0,True,,subtract
27May12Camera1-Card2-0871,medium,261.0,True,413,1.582375478927203,True,True,18,263,263,0,36.18,47.0,True,,subtract
27May12Camera1-Card2-0885,dense,303.0,True,213,0.7029702970297029,True,True,14,144,144,0,42.27,55.0,True,,subtract
27May12Camera2-Card1-0021,dense,702.0,True,561,0.7991452991452992,True,True,12,539,539,1,9.95,16.0,True,,subtract
27May12Camera2-Card1-0045,dense,1182.0,True,1199,1.014382402707276,True,True,14,1182,1180,2,8.0,16.0,True,,subtract
27May12Camera2-Card1-0554,dense,492.0,True,507,1.0304878048780488,True,True,26,267,267,0,10.45,16.0,True,,subtract
27May12Camera2-Card1-0602,dense,848.0,True,541,0.6379716981132075,True,True,21,451,451,0,19.0,25.0,True,,subtract
27May12Camera2-Card1-0651,dense,366.0,True,223,0.6092896174863388,True,True,12,195,195,0,12.0,16.0,True,,subtract
27May12Camera2-Card1-0751,medium,269.0,True,285,1.0594795539033457,True,True,20,274,274,0,18.0,23.0,True,,subtract
27May12Camera2-Card2-0030,medium,203.0,True,241,1.187192118226601,True,True,7,14,14,0,,36.0,False,,subtract
27May12Camera2-Card2-0038,dense,520.0,True,371,0.7134615384615385,True,True,11,3,3,0,34.79,45.0,True,,subtract
27May12Camera2-Card2-0054,dense,681.0,True,615,0.9030837004405288,True,True,14,533,533,0,14.21,18.0,True,,subtract
27May12Camera2-Card2-0082,dense,411.0,True,305,0.7420924574209246,True,True,20,208,208,0,20.35,26.0,True,,subtract
28May12Camera1-Card1-0082,medium,251.0,True,352,1.402390438247012,True,True,6,251,250,1,25.94,34.0,True,,subtract
28May12Camera1-Card1-0113,dense,541.0,True,653,1.207024029574861,True,True,25,234,234,1,38.33,50.0,True,,subtract
28May12Camera1-Card1-0115,medium,239.0,True,296,1.2384937238493725,True,True,14,106,106,0,30.0,39.0,True,,subtract
28May12Camera1-Card1-0579,dense,362.0,True,512,1.4143646408839778,True,True,13,215,212,3,26.38,34.0,True,,subtract
28May12Camera1-Card2-486,dense,341.0,True,435,1.2756598240469208,True,True,18,421,420,1,26.65,35.0,True,,subtract
28May12Camera2-Card1-0116,medium,245.0,True,308,1.2571428571428571,True,True,8,244,243,1,17.76,23.0,True,,subtract
28May12Camera2-Card1-0333,dense,438.0,True,605,1.3812785388127853,True,True,8,499,499,1,15.0,20.0,True,,subtract
28May12Camera2-Card1-0347,dense,388.0,True,378,0.9742268041237112,True,True,11,299,299,0,9.9,16.0,True,,subtract
28May12Camera2-Card1-0374,dense,694.0,True,431,0.6210374639769453,True,True,5,342,342,0,17.0,22.0,True,,subtract
28May12Camera2-Card2-0242,medium,147.0,True,139,0.9455782312925172,True,True,5,51,51,0,11.0,16.0,True,,subtract
28May12Camera2-Card2-0315,dense,581.0,True,438,0.7538726333907056,True,True,7,414,414,0,23.0,30.0,True,,subtract
28May12Camera2-Card2-0330,medium,171.0,True,167,0.9766081871345028,True,True,4,102,102,0,19.69,26.0,True,,subtract
29May12Camera1-Card2-0022,dense,393.0,True,328,0.8346055979643766,True,True,7,325,325,0,38.73,50.0,True,,subtract
29May12Camera1-Card2-0270,dense,561.0,True,681,1.213903743315508,True,True,10,589,589,0,39.14,51.0,True,,subtract
29May12Camera1-Card2-0285,medium,65.0,True,77,1.1846153846153846,True,True,4,6,6,0,27.42,36.0,True,,subtract
29May12Camera2-Card1-0575,dense,463.0,True,440,0.9503239740820736,True,True,9,214,214,0,30.55,40.0,True,,subtract
29May12Camera2-Card1-0577,medium,202.0,True,306,1.5148514851485149,True,True,7,191,191,0,15.37,20.0,True,,subtract
29May12Camera2-Card1-0596,sparse,44.0,True,30,0.6818181818181818,True,True,7,14,14,0,12.0,16.0,True,,subtract
30May12Camera1-Card1-0815,dense,301.0,True,330,1.0963455149501662,True,True,8,271,271,0,28.0,36.0,True,,subtract
30May12Camera1-Card2-0059,medium,60.0,True,91,1.5166666666666666,True,True,9,89,89,0,30.02,39.0,True,,subtract
30May12Camera2-Card1-0570,dense,419.0,True,568,1.3556085918854417,True,True,9,409,409,0,26.58,35.0,True,,subtract
30May12Camera2-Card1-0606,dense,1514.0,True,1024,0.6763540290620872,True,True,11,984,984,0,17.86,23.0,True,,subtract
